{
  "meta": {
    "profile": [
      "https://fhir.nhs.uk/STU3/StructureDefinition/eRS-FetchServices-List-1"
    ]
  },
  "resourceType": "List",
  "status": "current",
  "mode": "snapshot",
  "entry": [
    {
      "extension": [
        {
          "extension": [
            {
              "url": "displayProminently",
              "valueBoolean": false
            },
            {
              "url": "indicativeAppointmentWaitTime",
              "valueCodeableConcept": {
                "coding": [
                  {
                    "system": "https://fhir.nhs.uk/STU3/CodeSystem/eRS-IWT-1",
                    "code": "NOT_APPLICABLE"
                  }
                ]
              }
            }
          ],
          "url": "https://fhir.nhs.uk/STU3/StructureDefinition/Extension-eRS-ServiceSearch-ListItem-1"
        }
      ],
      "item": {
        "extension": [
          {
            "extension": [
              {
                "url": "serviceName",
                "valueString": "Triage - Genetics"
              },
              {
                "url": "specialty",
                "valueCodeableConcept": {
                  "coding": [
                    {
                      "system": "https://fhir.nhs.uk/STU3/CodeSystem/eRS-Specialty-1",
                      "code": "GENETICS"
                    }
                  ]
                }
              },
              {
                "url": "genderTreated",
                "valueCodeableConcept": {
                  "coding": [
                    {
                      "system": "https://fhir.nhs.uk/STU3/CodeSystem/eRS-GenderTreated-1",
                      "code": "MALE_AND_FEMALE"
                    }
                  ]
                }
              },
              {
                "url": "bookableType",
                "valueCodeableConcept": {
                  "coding": [
                    {
                      "system": "https://fhir.nhs.uk/STU3/CodeSystem/eRS-BookableType-1",
                      "code": "UNSPECIFIED"
                    }
                  ]
                }
              },
              {
                "url": "referralLetterRequired",
                "valueBoolean": true
              },
              {
                "url": "location",
                "valueReference": {
                  "display": "ROYAL NAVAL HOSPITAL PLYMOUTH",
                  "identifier": {
                    "system": "https://directory.spineservices.nhs.uk/STU3/Organization",
                    "value": "XMDN2"
                  }
                }
              },
              {
                "url": "linkToNHSWebsite",
                "valueString": "https://www.nhs.uk/service-search/chooseandbook?serviceId=50100"
              },
              {
                "url": "supportedRequestFlowType",
                "valueCodeableConcept": {
                  "coding": [
                    {
                      "system": "https://fhir.nhs.uk/STU3/CodeSystem/eRS-RequestFlowType-1",
                      "code": "TRIAGE_REQUEST"
                    }
                  ]
                }
              },
              {
                "url": "additionalRequirementSupported",
                "valueCodeableConcept": {
                  "coding": [
                    {
                      "system": "https://fhir.nhs.uk/STU3/CodeSystem/eRS-AdditionalRequirementType-1",
                      "code": "ADVOCACY"
                    }
                  ]
                }
              },
              {
                "url": "additionalRequirementSupported",
                "valueCodeableConcept": {
                  "coding": [
                    {
                      "system": "https://fhir.nhs.uk/STU3/CodeSystem/eRS-AdditionalRequirementType-1",
                      "code": "INTERPRETER"
                    }
                  ]
                }
              }
            ],
            "url": "https://fhir.nhs.uk/STU3/StructureDefinition/Extension-eRS-ServiceSummaryView-1"
          }
        ],
        "identifier": {
          "system": "http://fhir.nhs.net/Id/ers-service",
          "value": "50100"
        }
      }
    }
  ]
}